frase,criterio,gpt,cohreForAi,NousResearch,Meta_llama,Google,Mixtrail,Zephyr-orpo,Copilot,Mistral,Mila,Sasha,Ari
1,1,2,5,0,8,0,0,0,7,0,10,8,10
2,1,2,3,0,0,7,0,0,2,0,4,10,6
3,1,3,5,0,0,6,0,0,2,0,8,10,0
4,1,5,0,0,0,5,0,0,2,5,0,0,0
5,1,2,6,0,8,7,0,0,1,0,10,5,10
6,1,2,0,0,8,7,0,0,1,8,0,0,0
7,1,0,0,0,2,7,0,0,7,5,0,0,0
8,1,0,0,0,4,7,0,0,5,0,0,0,0
9,1,0,0,0,2,7,0,0,0,0,0,0,0
10,1,5,0,0,2,7,0,0,0,0,0,0,0
11,1,0,0,0,0,7,0,0,8,0,0,0,0
12,1,0,0,0,0,7,10,0,5,1,0,0,0
13,1,0,0,0,0,7,0,0,3,0,0,0,0
14,1,0,0,0,0,7,0,0,8,0,0,0,0
15,1,0,0,0,0,7,0,0,5,0,0,0,0
16,1,0,0,0,0,7,0,0,7,0,0,0,0
17,1,7,4,0,0,7,0,0,8,0,0,0,0
18,1,0,0,0,0,7,0,0,7,0,0,0,0
19,1,0,0,0,0,6,0,0,7,0,0,0,0
20,1,0,0,0,0,7,0,0,6,0,0,0,0
21,1,0,0,0,0,7,0,0,5,0,0,0,0
22,1,0,0,0,0,0,0,0,0,0,0,5,0
23,1,10,0,0,0,7,0,0,3,0,0,0,0
24,1,0,0,0,0,6,0,0,5,3,0,0,0
25,1,0,0,0,0,7,0,0,8,0,0,0,0
26,1,10,0,0,0,7,0,0,5,0,0,0,0
27,1,0,0,0,0,7,0,0,7,0,0,0,0
28,1,8,0,0,0,7,0,0,3,7,0,0,0
29,1,0,0,0,0,7,0,0,7,7,0,0,0
30,1,0,0,0,0,7,0,0,10,7,0,0,0
31,1,0,0,0,8,7,0,0,8,7,0,0,0
32,1,0,0,0,9,0,2,0,5,7,0,0,0
33,1,0,0,0,0,0,1,0,8,0,0,4,0
34,1,0,0,0,0,7,1,0,3,0,0,2,0
35,1,0,0,0,0,7,1,0,5,0,0,0,0
36,1,0,4,0,0,7,0,0,3,0,10,6,9
37,1,0,0,0,0,7,0,0,3,0,0,3,0
38,1,2,0,0,0,0,0,0,0,0,0,0,1
39,1,2,0,0,0,7,0,0,8,0,0,0,1
40,1,0,0,0,8,9,0,0,5,0,8,8,10
41,1,0,0,0,0,8,0,0,0,0,4,4,10
42,1,5,0,0,0,8,0,0,5,0,0,1,0
43,1,0,0,0,0,8,0,0,5,0,7,4,10
44,1,0,0,0,0,8,1,0,3,0,0,0,0
45,1,0,0,0,0,8,0,0,8,0,0,0,0
46,1,0,0,0,0,7,0,0,3,0,0,0,0
47,1,0,0,0,0,7,0,0,7,0,0,6,0
48,1,4,0,0,0,7,0,0,8,0,0,0,0
49,1,2,0,0,0,6,0,0,7,0,0,0,0
50,1,5,0,0,0,8,0,0,6,0,4,2,7
51,1,3,0,0,0,9,0,0,0,0,6,0,5
52,1,0,0,0,0,9,0,0,7,0,10,10,9
53,1,0,0,0,0,9,0,0,5,0,7,3,1
54,1,0,0,0,0,9,0,0,7,0,7,8,7
55,1,0,0,0,0,9,0,0,5,0,4,2,4
56,1,2,0,0,0,9,0,0,7,0,0,0,0
57,1,3,0,0,0,9,0,0,5,0,0,0,0
58,1,0,0,0,0,8,0,0,3,0,0,0,0
59,1,0,0,0,0,8,0,0,8,0,0,0,0
60,1,0,0,0,0,7,0,0,5,0,0,0,0
61,1,0,0,0,0,7,0,0,5,0,0,0,0
62,1,1,0,0,2,7,0,0,7,0,0,2,1
63,1,1,0,0,0,7,0,0,7,0,0,0,0
64,1,0,0,0,0,7,0,0,5,0,0,0,0
65,1,0,0,0,0,6,0,0,7,0,0,0,0
66,1,8,0,0,0,6,0,0,5,0,0,0,0
67,1,8,0,0,8,7,0,0,7,0,0,0,4
68,1,0,0,0,0,6,0,0,7,0,0,0,0
69,1,3,0,0,0,7,0,0,7,0,0,0,0
70,1,1,0,0,0,0,0,0,7,0,0,0,0
71,1,1,0,0,0,7,0,0,8,0,8,10,3
72,1,0,0,0,8,9,0,0,0,0,0,0,0
73,1,8,0,0,0,8,0,0,7,0,0,0,0
74,1,0,0,0,0,7,0,0,5,0,0,0,0
75,1,0,0,0,0,9,0,0,8,0,3,0,0
76,1,0,0,0,0,9,0,0,8,0,6,10,10
77,1,3,0,0,5,8,0,0,7,0,0,0,0
78,1,2,0,0,0,8,0,0,6,0,0,0,0
79,1,0,0,0,0,8,0,0,7,0,0,0,0
1,2,0,3,0,0,1,0,0,8,0,4,2,4
2,2,3,7,0,0,8,5,0,3,0,9,8,9
3,2,3,4,0,5,7,0,0,3,0,9,8,10
4,2,8,7,0,8,6,0,3,3,9,10,2,10
5,2,5,2,0,0,8,0,0,1,0,0,0,0
6,2,8,8,0,2,8,8,0,1,3,10,0,9
7,2,8,7,0,2,8,6,0,8,4,3,0,1
8,2,7,8,0,8,8,2,0,8,0,2,1,7
9,2,0,8,0,6,8,5,8,5,0,5,1,2
10,2,10,8,0,8,8,0,0,0,0,0,0,4
11,2,10,8,0,0,8,0,0,7,0,3,0,3
12,2,10,9,0,2,8,8,0,8,1,10,0,2
13,2,0,4,0,0,8,3,0,7,1,0,0,1
14,2,5,6,0,0,8,1,0,7,0,4,0,6
15,2,0,5,0,0,8,0,0,7,0,0,0,6
16,2,6,8,0,0,8,4,0,8,1,6,0,3
17,2,8,8,0,8,8,5,0,9,3,9,9,7
18,2,8,8,0,8,8,5,0,6,3,10,10,7
19,2,9,7,0,9,8,1,0,8,3,8,8,5
20,2,8,7,0,8,8,1,0,5,0,10,9,8
21,2,8,8,0,9,8,2,0,7,0,10,9,7
22,2,0,7,0,0,0,0,0,0,2,2,0,10
23,2,10,8,0,8,8,0,0,8,0,0,0,10
24,2,0,6,0,9,8,1,0,8,8,8,6,1
25,2,0,7,0,6,8,0,0,9,4,1,0,4
26,2,10,8,0,9,8,10,0,8,8,10,8,8
27,2,0,7,0,8,8,2,0,8,3,0,0,3
28,2,10,8,0,9,8,10,0,7,8,10,9,8
29,2,10,9,0,9,8,2,0,8,5,10,8,10
30,2,10,7,0,9,8,3,0,8,6,8,2,5
31,2,10,8,0,9,8,0,0,7,5,5,2,8
32,2,8,8,0,9,0,0,0,8,4,3,2,10
33,2,9,8,0,0,0,0,0,6,2,3,1,0
34,2,8,6,0,0,8,5,0,7,0,3,1,2
35,2,9,8,0,0,8,5,0,8,0,3,2,1
36,2,3,7,0,0,8,0,0,7,0,2,2,2
37,2,4,6,0,0,8,1,0,7,0,0,0,0
38,2,4,7,0,0,1,1,0,0,0,5,0,1
39,2,3,6,0,2,8,1,0,5,0,3,0,1
40,2,2,7,0,0,8,0,0,8,0,0,0,0
41,2,0,2,0,0,9,0,0,0,0,0,0,0
42,2,0,2,0,0,9,0,0,8,0,0,0,0
43,2,0,2,0,0,9,0,0,8,0,0,0,0
44,2,0,7,0,0,9,0,0,5,0,0,0,0
45,2,2,7,0,0,9,2,0,9,0,0,0,1
46,2,5,7,0,2,8,8,0,8,3,7,8,2
47,2,6,7,0,6,8,10,0,8,0,7,2,7
48,2,8,8,0,8,8,10,0,6,2,10,10,3
49,2,8,6,0,2,7,5,0,8,7,0,0,0
50,2,2,7,0,0,8,0,0,8,0,0,0,0
51,2,2,6,0,0,9,1,0,0,0,3,0,2
52,2,0,7,0,0,9,0,0,5,0,0,0,0
53,2,0,7,0,0,9,1,0,3,1,5,8,4
54,2,0,6,0,2,9,0,0,8,0,2,8,8
55,2,10,7,0,8,9,0,0,7,0,6,2,6
56,2,7,7,0,6,9,3,0,6,0,6,0,0
57,2,4,7,0,8,9,1,0,8,0,0,0,0
58,2,7,8,0,9,8,7,0,8,3,6,8,7
59,2,9,8,0,10,8,7,0,7,5,10,10,2
60,2,9,7,0,8,7,3,0,8,0,0,0,0
61,2,0,7,0,0,7,3,0,8,0,0,0,0
62,2,1,8,0,8,7,5,0,8,3,8,0,8
63,2,1,7,0,8,7,1,0,8,0,8,1,4
64,2,0,6,0,0,7,2,0,7,0,7,0,0
65,2,0,7,0,8,6,1,0,8,0,10,0,3
66,2,9,7,0,8,6,4,0,8,0,3,0,3
67,2,9,7,0,9,7,1,0,8,0,0,0,4
68,2,8,7,0,0,6,0,0,8,0,0,0,2
69,2,2,7,0,0,7,0,0,8,0,2,0,4
70,2,2,8,0,0,1,0,0,8,0,8,2,8
71,2,0,6,0,0,8,0,0,7,0,0,0,0
72,2,10,7,0,8,8,0,0,8,2,4,2,4
73,2,10,8,0,4,7,0,0,5,3,8,10,8
74,2,10,7,0,8,8,1,0,8,2,10,10,10
75,2,7,6,0,0,8,0,0,6,3,5,0,0
76,2,7,6,0,0,8,0,0,9,0,10,10,7
77,2,5,6,0,5,7,1,0,8,0,10,10,10
78,2,7,0,0,8,7,0,0,8,0,8,9,8
79,2,3,0,0,0,7,0,0,8,0,9,1,5
1,3,0,1,0,0,2,0,0,9,0,0,0,0
2,3,0,3,0,0,9,0,0,1,0,3,5,1
3,3,0,1,0,0,8,0,0,1,0,3,4,8
4,3,9,4,5,0,7,7,0,9,7,5,0,1
5,3,0,1,0,0,9,0,0,1,0,0,0,1
6,3,9,6,5,6,9,6,5,9,7,10,8,10
7,3,9,4,5,4,8,0,0,9,3,0,2,0
8,3,0,5,5,5,8,0,0,9,0,8,9,2
9,3,0,6,5,4,8,0,0,0,0,3,0,1
10,3,8,5,5,0,8,0,0,2,0,6,7,2
11,3,10,5,5,0,8,0,0,9,0,0,0,2
12,3,10,7,5,0,9,9,0,9,1,0,0,2
13,3,0,4,5,0,9,2,0,9,0,0,0,0
14,3,0,4,5,0,9,0,0,9,0,3,1,4
15,3,0,5,0,0,9,0,0,8,0,8,0,1
16,3,8,6,5,0,9,0,0,9,0,10,2,1
17,3,5,5,5,0,9,0,0,10,0,2,0,4
18,3,0,6,5,0,9,0,0,9,0,0,7,5
19,3,0,4,5,0,9,0,0,9,0,0,0,0
20,3,0,5,5,0,9,0,0,8,0,0,0,0
21,3,0,6,5,0,9,0,0,8,0,0,0,1
22,3,9,5,5,0,0,0,0,10,3,0,0,4
23,3,10,5,5,0,9,0,0,9,0,0,0,0
24,3,0,6,5,8,9,0,0,9,9,2,3,8
25,3,10,4,5,0,9,0,0,10,7,0,7,6
26,3,10,5,5,8,9,0,0,9,7,10,9,8
27,3,0,6,5,8,9,0,0,9,4,0,10,6
28,3,0,5,5,8,9,0,0,9,6,10,8,7
29,3,10,7,5,6,9,0,0,9,3,0,1,3
30,3,10,5,5,7,9,0,0,9,3,0,0,0
31,3,8,6,5,8,9,2,0,9,2,10,8,7
32,3,8,6,5,9,0,9,0,9,0,10,8,8
33,3,8,5,5,0,0,3,0,9,0,0,0,0
34,3,7,3,5,0,9,0,0,8,0,0,0,0
35,3,7,5,5,0,9,0,0,9,0,0,0,0
36,3,0,2,0,0,7,1,0,8,0,0,1,1
37,3,0,5,5,0,9,0,0,9,0,0,0,0
38,3,2,6,5,0,1,0,0,0,0,0,0,1
39,3,1,5,5,0,3,0,0,9,0,0,0,0
40,3,0,3,0,0,10,0,0,9,0,0,0,0
41,3,0,2,0,0,9,0,0,0,0,0,0,0
42,3,0,2,0,0,8,0,0,9,0,0,0,0
43,3,0,2,0,0,7,0,0,9,0,0,0,0
44,3,0,6,5,0,8,0,0,8,0,0,0,0
45,3,2,5,5,0,8,3,0,10,0,0,0,0
46,3,7,6,5,0,8,1,0,9,0,6,3,1
47,3,0,5,0,0,7,0,0,9,0,3,0,0
48,3,5,5,5,4,8,0,0,9,0,9,7,1
49,3,4,5,5,0,7,0,0,9,3,0,0,0
50,3,2,5,0,0,8,0,0,9,0,0,2,0
51,3,2,5,0,0,9,0,0,0,0,8,2,3
52,3,0,5,0,0,8,0,0,8,0,1,0,0
53,3,0,5,5,0,8,0,0,2,0,6,6,1
54,3,0,4,0,0,8,0,0,9,0,3,6,2
55,3,5,5,5,5,9,0,0,8,0,3,1,1
56,3,5,5,5,0,9,0,0,8,0,0,0,0
57,3,2,5,5,6,8,0,0,9,0,0,0,0
58,3,8,6,5,8,8,0,0,9,0,10,2,6
59,3,9,7,5,9,8,7,0,9,0,0,0,0
60,3,9,6,5,7,7,0,0,9,0,0,0,0
61,3,0,6,5,2,7,0,0,9,0,3,0,8
62,3,0,7,5,4,7,0,0,9,0,8,3,4
63,3,2,6,5,2,7,0,0,9,0,2,6,1
64,3,0,5,5,0,7,0,0,8,0,0,0,1
65,3,1,6,5,6,6,0,0,9,0,4,0,1
66,3,9,5,5,4,6,0,0,9,0,0,0,0
67,3,0,6,5,5,7,0,0,0,0,4,0,6
68,3,7,5,5,0,6,0,0,9,0,9,0,0
69,3,1,5,5,0,7,0,0,9,0,1,6,7
70,3,2,6,5,0,7,0,0,9,0,0,10,4
71,3,0,3,5,0,6,0,0,9,0,1,1,8
72,3,10,6,5,2,7,0,0,9,0,3,1,0
73,3,8,6,5,0,6,0,0,8,0,1,3,2
74,3,8,5,5,0,6,0,0,9,0,0,0,1
75,3,9,6,5,0,7,0,0,9,0,0,1,0
76,3,0,5,5,0,7,0,0,10,0,1,2,2
77,3,0,4,5,0,6,0,0,9,0,0,0,1
78,3,0,0,5,0,6,0,0,9,0,0,0,2
79,3,1,0,5,0,6,0,0,9,0,7,1,1
1,4,1,1,0,0,3,0,0,6,0,0,0,0
2,4,0,5,5,0,8,0,0,4,0,8,8,3
3,4,1,2,0,0,7,0,0,4,0,8,8,6
4,4,7,3,0,0,5,0,0,7,9,8,0,4
5,4,0,1,0,0,8,0,0,1,0,0,0,0
6,4,8,5,0,8,8,4,0,7,0,3,0,0
7,4,8,4,0,5,7,0,0,9,0,0,0,0
8,4,0,6,0,7,7,0,0,7,0,10,10,7
9,4,0,4,0,3,7,0,0,3,0,0,0,0
10,4,7,4,0,0,7,0,0,0,0,0,0,0
11,4,10,6,0,0,7,0,0,9,0,4,0,0
12,4,10,7,0,0,9,10,0,7,1,5,0,5
13,4,0,3,0,0,9,1,0,8,1,0,0,1
14,4,5,5,0,0,9,0,0,9,0,10,6,8
15,4,2,4,0,0,9,0,0,9,0,0,0,2
16,4,5,5,0,0,9,0,0,8,0,0,0,0
17,4,6,6,0,0,9,1,0,9,3,0,6,4
18,4,0,5,0,0,7,0,0,8,0,0,0,0
19,4,0,4,0,0,7,0,0,6,0,0,0,0
20,4,5,6,0,0,7,0,0,7,0,8,2,4
21,4,7,7,0,0,7,0,0,6,0,8,0,3
22,4,9,5,0,0,0,0,0,10,4,4,0,0
23,4,10,5,0,9,9,0,0,7,0,5,0,5
24,4,10,5,0,8,8,0,0,9,7,0,0,0
25,4,0,4,0,0,8,0,0,9,8,0,0,1
26,4,10,7,0,8,9,10,0,7,10,3,0,3
27,4,0,5,0,8,8,0,0,9,6,0,0,0
28,4,8,7,0,9,9,10,0,8,9,4,8,1
29,4,8,6,0,7,9,0,0,6,2,0,0,0
30,4,8,5,0,8,8,0,0,9,1,0,0,0
31,4,10,7,0,7,9,0,0,8,9,10,0,5
32,4,8,7,0,8,0,3,0,7,8,10,2,2
33,4,8,5,0,0,0,7,0,7,3,0,0,0
34,4,6,5,0,0,8,4,0,7,0,0,0,0
35,4,6,6,0,0,8,4,0,7,3,0,0,0
36,4,1,3,0,0,7,0,0,9,0,0,0,0
37,4,1,4,0,0,8,0,0,8,0,0,0,0
38,4,1,6,0,0,7,0,0,0,0,0,0,0
39,4,2,5,0,0,8,0,0,7,0,0,0,0
40,4,0,4,0,0,8,0,0,7,0,0,0,0
41,4,0,2,0,0,7,0,0,0,0,0,0,0
42,4,0,2,0,0,8,0,0,7,0,0,0,0
43,4,0,2,0,0,8,0,0,7,0,0,0,0
44,4,0,5,0,0,8,0,0,6,0,0,0,0
45,4,2,6,0,0,8,3,0,9,0,0,0,0
46,4,3,5,0,0,7,2,0,7,0,0,0,0
47,4,0,5,0,0,8,0,0,6,0,0,0,0
48,4,6,5,0,2,7,0,0,7,4,2,0,0
49,4,7,5,0,0,7,0,0,9,9,0,0,1
50,4,3,5,0,0,8,0,0,7,0,3,0,0
51,4,1,5,0,0,8,0,0,0,0,0,0,0
52,4,0,5,0,0,9,0,0,9,0,0,0,0
53,4,0,5,0,0,9,0,0,4,0,0,1,0
54,4,0,4,0,0,8,0,0,6,0,0,3,0
55,4,3,5,0,0,9,0,0,6,0,0,0,0
56,4,4,5,0,0,9,0,0,9,0,0,0,2
57,4,3,5,0,5,9,0,0,7,0,10,0,0
58,4,6,6,0,7,8,1,0,7,0,0,0,2
59,4,8,7,0,8,8,8,0,9,0,0,1,0
60,4,8,6,0,6,8,0,0,7,0,3,0,2
61,4,0,6,0,3,8,0,0,7,0,0,0,0
62,4,1,7,0,6,8,0,0,8,0,3,2,1
63,4,1,6,0,5,8,0,0,6,0,7,0,2
64,4,0,5,0,0,8,0,0,9,0,0,0,0
65,4,1,6,0,7,7,0,0,9,0,0,0,6
66,4,7,5,0,3,7,0,0,7,0,0,0,0
67,4,7,6,0,8,8,0,0,9,0,0,0,1
68,4,6,5,0,0,7,0,0,6,0,7,0,1
69,4,2,6,0,0,8,0,0,6,0,10,6,1
70,4,5,7,0,8,3,1,0,8,3,10,10,5
71,4,0,4,0,0,5,0,0,8,0,2,0,7
72,4,8,6,0,6,8,1,0,9,4,2,0,3
73,4,8,7,0,2,7,1,0,6,5,8,7,5
74,4,8,5,0,2,7,0,0,7,4,0,0,1
75,4,8,6,0,2,8,0,0,7,5,1,0,0
76,4,0,5,0,0,8,0,0,9,9,0,0,1
77,4,1,4,0,0,7,0,0,9,0,0,0,0
78,4,1,0,0,0,7,0,0,7,0,0,0,0
79,4,1,0,0,0,7,0,0,9,0,3,0,1
1,5,0,1,0,0,4,0,0,9,0,0,1,0
2,5,0,4,0,0,9,0,0,2,2,4,0,4
3,5,0,1,0,0,8,0,0,2,0,4,0,5
4,5,7,3,0,0,6,0,0,2,6,0,0,1
5,5,0,1,0,0,8,0,0,1,0,0,0,0
6,5,8,6,0,7,9,6,5,2,0,10,9,9
7,5,8,4,0,6,8,2,0,8,0,0,0,0
8,5,0,4,0,5,8,0,0,8,0,5,5,4
9,5,0,4,0,4,8,0,0,1,0,0,0,0
10,5,7,4,0,0,8,0,0,1,0,10,10,9
11,5,10,6,5,0,8,9,0,9,0,0,0,5
12,5,10,7,5,0,8,10,0,8,1,3,0,4
13,5,0,3,0,0,8,1,0,6,1,0,0,1
14,5,0,4,0,0,8,0,0,9,0,9,0,6
15,5,1,4,0,0,8,0,0,6,0,0,0,2
16,5,7,5,0,0,8,0,0,7,0,4,8,0
17,5,6,5,5,0,8,1,0,8,0,6,2,4
18,5,0,5,5,0,6,2,0,8,0,7,3,5
19,5,0,4,5,0,6,0,0,8,0,7,0,5
20,5,0,5,5,0,6,0,0,7,0,4,0,2
21,5,0,6,5,0,6,0,0,9,0,5,0,3
22,5,9,5,5,8,0,0,0,10,5,0,0,0
23,5,10,5,0,8,8,0,0,6,0,0,0,2
24,5,0,5,0,7,8,0,0,9,9,10,3,7
25,5,0,4,0,0,8,0,0,10,9,10,10,10
26,5,10,6,5,7,8,0,0,6,10,10,10,4
27,5,0,5,0,8,7,0,0,8,5,0,0,5
28,5,8,6,5,7,8,0,0,9,8,10,10,3
29,5,8,6,5,5,9,1,0,8,4,0,0,2
30,5,8,5,5,6,7,2,0,8,4,0,0,0
31,5,8,6,5,8,9,8,0,9,3,7,8,2
32,5,8,6,5,9,0,1,0,8,1,7,8,1
33,5,9,5,0,0,0,0,0,8,3,0,0,1
34,5,7,4,0,0,7,0,0,6,0,0,0,0
35,5,7,5,0,8,7,0,0,6,0,0,0,0
36,5,0,2,0,0,7,0,0,8,0,2,0,1
37,5,0,4,0,0,9,1,0,6,0,0,0,0
38,5,1,6,0,0,8,0,0,0,0,2,0,0
39,5,1,5,0,0,8,0,0,8,0,0,0,1
40,5,0,3,0,0,8,0,0,8,0,0,0,0
41,5,0,2,0,0,8,0,0,0,0,0,0,0
42,5,0,2,0,0,8,0,0,6,0,0,0,0
43,5,0,2,0,0,8,0,0,6,0,0,0,0
44,5,0,5,0,0,9,0,0,7,0,0,0,0
45,5,3,4,0,0,8,2,0,10,0,0,0,0
46,5,8,5,0,0,8,3,0,8,3,0,5,0
47,5,0,5,0,0,8,0,0,8,0,0,0,0
48,5,7,5,0,0,8,0,0,9,2,9,10,8
49,5,6,5,0,0,8,0,0,8,8,0,0,0
50,5,2,5,0,0,8,0,0,8,0,0,0,1
51,5,2,5,0,0,9,0,0,0,0,2,0,2
52,5,0,5,0,0,9,1,0,6,0,1,0,1
53,5,0,5,0,0,8,0,0,1,0,3,5,2
54,5,0,4,0,0,9,0,0,8,0,5,3,3
55,5,2,5,0,0,8,0,0,9,0,2,3,1
56,5,3,5,0,0,9,0,0,7,0,0,0,1
57,5,2,5,0,4,9,0,0,8,0,0,0,0
58,5,8,6,0,6,8,0,0,8,0,4,2,1
59,5,9,7,0,7,8,0,0,8,0,0,0,0
60,5,8,6,0,5,7,0,0,8,0,4,0,2
61,5,0,6,0,2,7,0,0,6,0,10,6,1
62,5,0,7,0,3,7,0,0,9,0,6,9,5
63,5,1,6,0,2,7,0,0,8,0,10,10,6
64,5,0,5,0,0,7,0,0,6,0,2,0,1
65,5,1,6,0,5,6,0,0,9,0,4,3,6
66,5,8,5,0,2,6,0,0,8,0,0,0,0
67,5,7,6,0,6,7,0,0,0,0,10,0,3
68,5,5,5,0,0,6,0,0,8,0,0,0,0
69,5,2,5,0,0,7,0,0,8,0,10,1,0
70,5,4,6,0,0,4,0,0,9,0,5,10,3
71,5,0,3,0,0,7,0,0,9,0,1,0,1
72,5,8,6,0,4,9,0,0,9,3,1,2,0
73,5,8,6,0,2,8,0,0,9,0,2,1,0
74,5,8,5,0,2,8,0,0,8,0,0,0,3
75,5,8,6,0,2,9,0,0,8,0,0,0,0
76,5,0,5,0,0,9,0,0,9,0,3,2,1
77,5,0,4,0,0,8,0,0,8,0,2,0,0
78,5,0,0,0,0,8,0,0,8,0,0,3,4
79,5,0,0,0,0,8,0,0,8,0,3,0,0
1,6,0,1,0,0,5,0,0,8,0,0,0,0
2,6,0,2,0,0,7,0,0,3,0,0,0,1
3,6,0,1,0,0,6,0,0,3,0,0,0,0
4,6,10,9,0,9,5,0,8,8,10,10,10,10
5,6,0,1,0,0,7,0,0,1,0,0,0,0
6,6,2,2,0,3,8,0,0,8,0,0,0,2
7,6,0,2,0,2,7,0,0,9,0,4,7,3
8,6,0,4,0,9,7,0,0,6,0,4,2,2
9,6,8,9,0,9,7,0,8,2,1,10,10,10
10,6,0,3,0,0,7,0,0,0,0,0,0,0
11,6,0,3,0,0,7,0,0,8,0,0,0,0
12,6,0,4,0,0,8,10,0,6,0,2,0,0
13,6,0,2,0,0,8,0,0,5,0,0,0,0
14,6,0,3,0,2,8,0,0,8,0,5,0,0
15,6,0,3,0,8,8,0,0,8,0,0,0,0
16,6,0,4,0,0,8,0,0,9,0,0,0,0
17,6,5,5,0,8,8,0,0,9,0,0,0,0
18,6,0,3,0,0,8,0,0,7,0,0,0,0
19,6,0,2,0,0,8,0,0,7,0,0,0,0
20,6,8,8,0,9,8,0,0,9,0,10,9,8
21,6,9,8,0,10,8,0,0,10,0,10,10,7
22,6,0,3,0,0,0,10,0,0,0,2,0,5
23,6,0,3,0,0,8,0,0,5,0,0,0,1
24,6,0,3,0,0,8,0,0,8,6,0,0,0
25,6,0,2,0,0,8,0,0,8,3,0,0,0
26,6,0,5,0,5,8,0,0,4,2,4,0,2
27,6,0,3,0,0,8,0,0,7,0,0,0,0
28,6,0,4,0,0,8,0,0,6,2,2,0,1
29,6,10,8,0,8,8,0,0,7,9,10,8,10
30,6,10,4,0,9,8,0,0,9,10,10,10,10
31,6,8,6,0,9,8,3,0,7,1,7,7,6
32,6,0,6,0,9,0,3,0,6,0,9,8,4
33,6,0,4,5,0,0,0,0,7,3,0,0,0
34,6,0,1,5,0,9,0,0,6,0,0,0,0
35,6,0,2,5,0,9,6,0,4,0,0,0,0
36,6,0,1,0,0,7,0,0,6,0,0,0,1
37,6,0,3,5,0,8,0,0,5,0,0,0,0
38,6,1,5,5,0,9,0,0,10,0,0,0,0
39,6,1,4,5,0,9,0,0,6,0,0,0,0
40,6,0,2,0,0,9,0,0,6,0,0,0,0
41,6,0,2,0,0,9,0,0,0,0,0,0,0
42,6,0,2,0,0,9,0,0,4,0,0,0,0
43,6,0,2,0,0,9,0,0,8,0,0,0,0
44,6,0,5,5,0,9,0,0,9,0,0,0,0
45,6,0,5,5,0,9,0,0,9,0,3,8,0
46,6,2,5,5,0,8,0,0,6,0,0,0,1
47,6,2,7,0,8,8,10,0,5,0,5,0,4
48,6,1,4,5,0,8,0,0,8,0,0,0,1
49,6,3,4,5,0,8,0,0,6,5,0,6,1
50,6,1,4,0,0,8,0,0,7,0,0,0,0
51,6,1,4,0,0,9,0,0,0,0,0,0,2
52,6,1,7,0,6,8,0,0,4,0,0,0,0
53,6,0,5,0,0,8,0,0,2,0,0,0,1
54,6,0,4,0,0,8,0,0,7,0,0,0,0
55,6,7,6,0,9,8,0,0,4,0,10,8,8
56,6,0,4,0,0,9,0,0,5,0,0,0,1
57,6,1,4,0,9,8,0,0,6,0,6,0,1
58,6,1,5,0,2,8,0,0,6,0,0,0,1
59,6,8,6,0,10,8,0,0,9,0,10,0,9
60,6,5,5,0,2,7,0,0,6,0,0,0,0
61,6,0,5,0,0,7,0,0,4,0,0,0,0
62,6,0,6,0,0,7,0,0,7,0,0,0,0
63,6,0,5,0,0,7,0,0,7,0,2,0,1
64,6,0,4,0,0,7,0,0,4,0,2,0,0
65,6,0,5,0,4,6,0,0,8,0,8,1,2
66,6,7,5,0,1,6,0,0,6,0,1,0,0
67,6,7,5,0,4,7,0,0,0,0,2,0,0
68,6,1,5,0,2,6,0,0,7,0,0,0,3
69,6,1,6,0,8,7,0,0,7,0,2,6,6
70,6,1,6,0,0,6,0,0,7,0,8,1,6
71,6,0,3,0,0,8,0,0,7,0,1,0,9
72,6,8,6,0,8,8,0,0,9,3,0,7,6
73,6,10,8,0,8,7,0,0,7,8,10,8,8
74,6,10,5,0,6,7,0,0,6,9,0,0,7
75,6,0,5,0,0,8,0,0,5,7,10,8,9
76,6,0,4,0,0,8,0,0,9,0,2,0,2
77,6,0,4,0,0,7,0,0,6,0,0,0,1
78,6,0,0,0,0,7,0,0,6,0,0,0,0
79,6,0,0,0,0,7,0,0,9,0,10,8,9
1,7,0,1,0,0,6,0,0,9,0,0,0,0
2,7,0,1,0,0,8,0,0,4,0,0,0,0
3,7,0,1,0,0,7,0,0,4,0,0,0,0
4,7,0,1,0,0,6,3,0,4,4,0,0,1
5,7,0,1,0,0,8,0,0,1,0,0,0,0
6,7,0,3,0,9,9,0,0,4,0,0,0,0
7,7,0,5,0,9,8,3,0,9,1,9,0,5
8,7,0,2,0,6,8,0,0,9,0,0,0,0
9,7,0,2,0,5,8,0,0,0,0,0,0,0
10,7,0,3,0,8,8,5,0,1,0,0,0,0
11,7,10,8,5,9,8,0,0,10,0,10,0,0
12,7,10,6,5,9,9,10,0,9,1,8,0,7
13,7,0,3,5,9,9,6,0,10,0,9,0,0
14,7,0,2,0,0,9,0,0,10,0,0,8,1
15,7,0,4,0,0,9,0,0,9,0,0,0,0
16,7,0,6,0,8,9,7,0,9,0,0,0,0
17,7,0,4,0,0,9,0,0,10,0,0,0,0
18,7,0,4,5,0,7,0,0,10,0,0,0,0
19,7,0,3,5,0,7,0,0,9,0,0,0,0
20,7,0,2,0,0,7,0,0,10,0,0,0,0
21,7,0,3,0,0,7,0,0,8,0,0,0,0
22,7,10,7,5,9,0,0,0,10,8,9,0,0
23,7,0,6,0,9,9,0,0,9,0,8,2,3
24,7,0,4,0,0,9,10,0,9,5,0,0,0
25,7,0,3,0,0,9,0,0,10,10,0,0,0
26,7,0,4,0,0,9,0,0,3,0,0,0,0
27,7,0,5,0,9,9,7,0,9,3,8,0,0
28,7,0,4,0,0,9,0,0,9,8,0,0,0
29,7,8,5,0,0,9,0,0,9,8,0,0,0
30,7,8,4,0,0,9,0,0,0,1,0,0,0
31,7,0,5,0,8,10,5,0,9,0,2,2,0
32,7,0,5,0,9,0,0,0,9,0,3,1,0
33,7,9,7,0,9,0,0,0,9,9,10,0,8
34,7,8,7,0,9,9,3,0,8,1,10,0,8
35,7,8,8,0,9,9,0,0,9,10,7,0,1
36,7,0,1,0,0,7,0,0,9,0,0,0,0
37,7,8,6,0,8,9,7,0,9,8,3,0,1
38,7,2,5,0,8,3,0,0,0,0,1,0,1
39,7,2,4,0,5,7,0,0,9,0,0,0,0
40,7,0,2,0,0,8,0,0,9,0,0,0,0
41,7,0,2,0,0,8,0,0,0,0,0,0,0
42,7,0,2,0,0,8,0,0,8,0,0,0,0
43,7,0,2,0,0,8,0,0,9,0,0,0,0
44,7,0,5,0,2,8,0,0,4,0,0,0,0
45,7,0,5,0,8,8,3,0,10,0,6,0,0
46,7,0,5,0,0,8,0,0,9,0,2,0,0
47,7,0,3,0,0,8,0,0,9,0,0,0,0
48,7,2,4,0,0,8,0,0,9,0,0,0,0
49,7,2,4,0,0,7,0,0,9,9,0,0,0
50,7,2,4,0,0,8,0,0,9,0,0,0,0
51,7,1,4,0,0,8,0,0,0,0,0,0,0
52,7,0,3,0,0,8,0,0,3,0,0,0,0
53,7,0,4,5,0,9,0,0,1,0,0,0,0
54,7,0,3,0,0,8,0,0,9,0,0,0,0
55,7,0,4,5,0,9,0,0,9,0,0,0,0
56,7,1,4,5,0,9,0,0,8,0,8,8,4
57,7,2,4,5,3,8,0,0,9,0,10,10,5
58,7,0,5,5,3,8,0,0,9,0,0,0,0
59,7,1,5,5,4,7,0,0,9,0,0,0,0
60,7,0,5,5,4,8,0,0,9,0,2,0,3
61,7,0,5,5,0,7,0,0,3,0,0,0,1
62,7,0,6,5,0,7,0,0,9,0,0,0,0
63,7,0,5,5,0,7,0,0,9,0,0,0,0
64,7,1,5,5,8,7,0,0,9,0,9,8,0
65,7,0,5,5,3,6,0,0,9,0,1,1,0
66,7,5,4,5,5,6,0,0,9,0,0,0,0
67,7,5,5,5,2,7,0,0,0,0,0,0,0
68,7,5,6,5,0,6,1,0,9,3,3,0,1
69,7,0,4,5,0,7,0,0,9,0,0,0,0
70,7,0,5,5,0,7,0,0,9,0,0,0,0
71,7,0,3,5,0,9,0,0,9,0,0,0,0
72,7,0,5,5,6,10,0,0,8,0,1,0,0
73,7,0,5,5,2,8,0,0,9,0,0,0,0
74,7,0,5,5,2,8,0,0,9,0,0,0,0
75,7,0,5,5,0,10,1,0,9,0,0,0,0
76,7,0,4,5,0,8,0,0,10,0,0,0,0
77,7,0,4,5,0,8,0,0,9,0,0,0,0
78,7,0,0,5,0,8,0,0,9,0,3,0,0
79,7,0,0,5,0,8,1,0,9,0,0,0,0
1,8,0,1,0,0,7,0,0,8,5,0,0,0
2,8,0,1,0,0,9,0,0,2,3,0,0,0
3,8,0,1,0,0,8,0,0,2,0,0,0,0
4,8,0,1,0,0,7,0,0,2,2,0,0,0
5,8,0,1,0,0,9,0,0,1,0,0,0,0
6,8,0,3,0,8,9,0,0,2,0,0,0,0
7,8,8,5,0,8,8,5,0,9,0,4,3,5
8,8,0,2,0,4,8,0,0,8,0,0,0,0
9,8,0,2,0,3,8,0,0,0,0,0,0,0
10,8,0,3,0,8,8,0,0,0,0,0,0,0
11,8,10,8,0,9,8,10,8,10,0,10,10,2
12,8,0,6,0,9,9,0,8,9,1,0,6,3
13,8,0,3,0,9,9,0,0,10,0,8,1,3
14,8,0,2,0,0,9,0,0,10,0,0,0,0
15,8,0,4,0,8,9,0,0,9,0,0,0,0
16,8,0,6,5,8,9,0,0,9,0,0,0,1
17,8,0,4,5,0,9,0,0,10,0,0,0,0
18,8,0,4,0,0,8,0,0,9,0,0,0,0
19,8,0,3,0,0,8,0,0,8,0,0,0,0
20,8,0,2,0,0,8,0,0,9,0,0,0,0
21,8,0,3,5,0,8,0,0,7,0,0,0,0
22,8,10,7,0,9,0,0,0,10,9,10,10,5
23,8,0,6,0,9,9,0,0,8,0,5,5,0
24,8,0,4,5,0,8,0,0,9,2,0,0,0
25,8,0,3,0,0,8,0,0,10,6,0,0,0
26,8,0,4,5,0,9,0,0,2,0,0,0,0
27,8,0,5,5,9,9,0,0,8,3,4,4,3
28,8,0,4,5,0,9,0,0,8,7,0,0,0
29,8,8,5,5,0,9,0,0,8,2,0,0,0
30,8,8,4,5,0,9,0,0,0,0,0,0,0
31,8,0,5,5,7,9,4,0,9,0,0,0,0
32,8,0,5,5,8,0,0,0,8,0,0,0,0
33,8,9,7,5,9,0,5,8,9,10,10,6,9
34,8,8,7,5,9,0,0,8,7,5,10,5,8
35,8,10,9,5,0,8,0,8,8,10,7,3,1
36,8,0,1,0,0,7,0,0,8,0,0,0,0
37,8,9,6,5,9,9,0,0,8,9,2,1,1
38,8,3,5,5,9,2,0,0,0,0,0,1,1
39,8,1,4,5,4,8,0,0,8,0,0,0,0
40,8,0,2,0,0,9,0,0,8,0,0,0,0
41,8,0,2,0,0,9,0,0,0,0,0,0,0
42,8,0,2,0,0,9,0,0,7,0,0,0,0
43,8,0,2,0,0,9,0,0,8,0,0,0,0
44,8,0,5,5,0,9,0,0,2,0,0,0,0
45,8,1,5,5,6,9,4,0,10,0,4,0,3
46,8,0,5,5,0,9,0,0,9,0,0,0,0
47,8,0,3,0,0,8,0,0,8,0,0,0,0
48,8,2,4,5,0,9,0,0,8,0,0,0,0
49,8,2,4,5,0,8,0,0,8,9,0,0,0
50,8,1,4,0,0,8,0,0,8,0,0,0,0
51,8,1,4,0,0,9,0,0,0,0,0,0,0
52,8,0,3,0,0,9,0,0,2,0,0,0,0
53,8,0,4,0,0,9,0,0,1,0,0,0,0
54,8,0,3,0,0,9,0,0,8,0,0,0,0
55,8,0,4,0,0,9,0,0,8,0,0,0,0
56,8,4,4,0,0,9,0,0,6,0,0,0,3
57,8,2,4,0,2,9,0,0,8,0,0,0,0
58,8,1,5,0,1,8,0,0,8,0,0,0,0
59,8,0,5,0,2,8,0,0,9,0,0,0,0
60,8,0,5,0,1,7,0,0,8,0,1,9,8
61,8,0,5,0,0,7,0,0,2,0,0,0,0
62,8,0,6,0,0,7,0,0,9,0,0,0,0
63,8,0,5,0,0,7,0,0,8,0,0,0,0
64,8,1,5,0,6,7,0,0,8,0,0,0,0
65,8,0,5,0,2,6,0,0,7,0,0,0,0
66,8,5,4,0,2,6,0,0,8,0,0,0,0
67,8,5,5,0,1,7,0,0,0,0,0,0,0
68,8,4,6,0,0,6,0,0,8,4,7,8,2
69,8,0,4,0,0,7,0,0,8,0,0,0,0
70,8,0,5,0,0,8,0,0,8,0,0,0,0
71,8,0,3,0,0,9,0,0,8,0,0,0,0
72,8,0,5,0,4,9,0,0,8,0,0,0,0
73,8,0,5,0,2,8,0,0,8,0,0,0,0
74,8,0,5,0,4,8,0,0,8,0,0,0,0
75,8,0,5,0,0,9,0,0,8,0,0,0,0
76,8,0,4,0,0,9,0,0,10,0,0,0,0
77,8,0,4,0,0,8,0,0,8,0,0,0,0
78,8,0,0,0,0,8,0,0,8,0,0,0,0
79,8,0,0,0,0,8,0,0,9,0,0,0,0
1,9,0,1,0,0,8,0,0,7,8,0,0,0
2,9,0,2,0,0,8,2,0,1,8,0,0,0
3,9,0,1,0,0,7,0,0,1,0,0,0,0
4,9,2,2,0,0,6,9,0,1,10,0,0,0
5,9,0,1,0,0,8,0,0,1,0,0,0,0
6,9,5,4,0,4,8,0,0,1,0,0,0,0
7,9,8,3,0,3,7,0,0,8,0,0,0,0
8,9,0,3,0,2,7,0,0,7,0,0,0,0
9,9,0,3,0,2,7,0,0,0,0,0,0,0
10,9,5,4,0,0,7,0,0,1,0,0,0,2
11,9,0,5,0,0,7,0,0,8,0,0,0,0
12,9,0,7,0,0,8,0,0,8,0,0,0,0
13,9,10,7,0,8,8,0,0,8,1,5,7,8
14,9,0,3,0,0,8,0,0,8,0,0,0,0
15,9,0,7,0,0,8,0,0,7,0,10,10,7
16,9,0,5,0,0,8,0,0,8,0,0,0,0
17,9,0,4,0,0,8,0,0,9,0,0,0,0
18,9,0,7,0,9,7,6,0,8,3,10,7,9
19,9,0,4,0,0,7,0,0,9,2,10,4,8
20,9,0,3,0,0,7,0,0,8,0,0,0,0
21,9,0,4,0,0,7,0,0,6,0,0,0,0
22,9,0,5,0,0,0,0,8,10,0,0,0,0
23,9,0,5,0,0,8,0,0,4,0,0,0,0
24,9,10,7,0,9,8,0,0,8,10,10,9,10
25,9,0,4,0,0,8,0,0,9,10,0,0,4
26,9,0,4,0,0,7,0,0,8,5,0,0,0
27,9,0,6,0,0,8,0,0,7,2,0,0,0
28,9,0,4,0,0,8,0,0,7,4,0,0,0
29,9,0,5,0,0,8,7,0,7,10,0,0,0
30,9,0,4,0,0,8,6,0,0,1,0,0,0
31,9,0,5,0,8,8,6,0,8,0,0,1,2
32,9,0,5,0,9,0,7,0,7,0,0,0,0
33,9,0,5,0,0,0,0,0,8,0,0,0,0
34,9,0,2,0,0,7,0,0,6,0,0,0,0
35,9,0,3,0,0,8,0,0,7,0,0,0,0
36,9,0,1,0,0,8,0,0,7,0,0,0,0
37,9,0,5,0,0,8,0,0,7,0,0,0,0
38,9,2,5,0,0,8,0,0,0,0,0,0,0
39,9,1,4,0,0,9,0,0,7,0,0,0,0
40,9,0,2,0,0,8,0,0,7,0,0,0,0
41,9,0,2,0,0,8,0,0,0,0,0,0,0
42,9,0,2,0,0,8,0,0,6,0,0,0,0
43,9,0,2,0,0,8,0,0,6,0,0,0,0
44,9,0,5,0,0,8,0,0,7,0,0,0,0
45,9,0,5,0,0,8,0,0,8,0,0,0,0
46,9,5,5,0,0,8,0,0,7,0,0,2,0
47,9,0,4,0,0,8,0,0,7,0,0,0,0
48,9,3,4,0,0,8,0,0,7,0,0,0,0
49,9,4,4,0,8,7,0,0,7,6,0,0,0
50,9,2,4,0,0,8,0,0,6,0,0,0,0
51,9,1,4,0,0,8,0,0,0,0,0,0,0
52,9,0,4,0,0,8,0,0,6,0,0,0,0
53,9,0,4,5,0,8,0,0,1,0,0,0,0
54,9,0,3,0,0,8,0,0,7,0,0,0,0
55,9,2,4,5,0,9,0,0,7,0,0,0,0
56,9,5,4,5,8,8,0,0,4,0,0,0,0
57,9,3,4,5,1,8,0,0,7,0,0,0,0
58,9,5,5,5,5,9,0,0,7,0,0,0,0
59,9,8,5,5,3,8,0,0,8,4,0,0,0
60,9,0,5,5,3,7,0,0,7,0,0,0,0
61,9,0,5,5,0,7,1,0,8,0,0,0,0
62,9,0,6,5,0,7,0,0,8,3,0,0,3
63,9,0,5,5,0,7,0,0,9,0,0,0,0
64,9,0,5,5,0,7,0,0,7,0,0,0,0
65,9,0,5,5,1,6,2,0,8,0,0,0,0
66,9,8,4,5,6,6,0,0,7,0,3,7,3
67,9,0,5,5,3,7,0,0,0,0,0,0,0
68,9,6,6,5,0,6,0,0,6,2,0,0,0
69,9,1,4,5,0,7,1,0,6,0,0,0,0
70,9,1,5,5,0,7,0,0,7,0,0,0,0
71,9,0,3,5,0,8,0,0,6,0,0,0,0
72,9,8,6,5,6,8,1,0,9,0,0,0,0
73,9,8,5,5,2,7,0,0,6,0,0,0,0
74,9,0,5,5,6,7,0,0,7,0,0,0,0
75,9,7,6,5,3,8,0,0,6,8,6,8,3
76,9,0,4,5,0,8,0,0,9,0,0,0,0
77,9,0,4,5,0,7,0,0,7,0,0,0,0
78,9,0,0,5,0,7,0,0,7,0,0,0,0
79,9,0,0,5,0,7,0,0,8,0,0,0,0
1,10,0,0,0,0,9,0,0,9,8,0,0,0
2,10,0,3,0,0,7,0,0,3,8,0,0,1
3,10,0,1,0,0,6,0,0,3,0,0,0,1
4,10,8,3,0,6,5,0,0,8,10,3,0,3
5,10,0,1,0,0,7,0,0,1,0,0,0,0
6,10,8,5,0,6,10,0,0,8,2,0,0,3
7,10,9,4,0,4,8,0,0,9,0,9,2,7
8,10,0,4,0,8,8,0,0,9,0,0,0,1
9,10,5,5,0,8,8,0,0,2,0,4,0,8
10,10,0,5,0,0,6,0,0,2,0,0,0,1
11,10,10,6,0,0,6,0,0,9,0,0,0,4
12,10,10,8,0,8,9,10,0,9,1,7,8,4
13,10,0,4,0,8,9,0,0,9,1,0,2,5
14,10,7,5,0,0,9,0,0,9,0,7,9,3
15,10,6,4,0,0,9,0,0,8,0,0,0,3
16,10,9,7,0,0,9,0,0,8,0,7,8,8
17,10,8,6,0,0,9,0,0,10,0,9,4,9
18,10,8,6,0,0,8,0,0,9,0,0,2,6
19,10,0,4,0,8,8,0,0,9,0,0,1,5
20,10,0,4,0,0,8,0,0,9,0,3,0,6
21,10,8,6,0,0,8,0,0,9,0,3,0,8
22,10,10,5,0,0,0,0,0,10,0,8,6,10
23,10,0,6,0,0,10,0,0,7,0,0,0,7
24,10,10,6,0,8,8,0,0,9,10,0,1,8
25,10,0,4,0,5,8,0,0,10,10,0,0,3
26,10,10,5,0,8,8,0,0,7,10,3,0,8
27,10,0,6,0,0,9,0,0,9,9,0,0,9
28,10,0,5,0,0,9,0,0,9,9,8,0,5
29,10,8,7,0,0,9,0,0,9,10,4,0,10
30,10,8,5,0,8,9,0,0,9,8,4,0,10
31,10,0,6,0,8,9,0,0,9,0,5,0,8
32,10,0,6,0,9,0,0,0,9,0,5,0,3
33,10,9,5,0,0,0,0,0,9,0,0,1,0
34,10,7,10,0,0,8,0,0,8,0,0,1,1
35,10,7,4,0,0,8,0,0,9,0,0,0,0
36,10,0,1,0,0,7,0,0,9,0,0,0,0
37,10,7,5,0,0,9,0,0,9,0,0,0,0
38,10,2,6,0,0,2,1,0,10,0,0,1,1
39,10,1,4,0,0,8,0,0,9,0,0,0,0
40,10,0,2,0,0,9,0,0,9,0,0,0,0
41,10,0,2,0,0,8,0,0,0,0,0,0,0
42,10,0,2,0,0,8,0,0,9,0,0,0,0
43,10,0,2,0,0,8,2,0,9,0,0,0,0
44,10,0,6,0,0,8,0,0,8,0,0,4,0
45,10,2,5,0,4,8,0,0,10,0,9,2,8
46,10,9,6,0,8,8,9,0,8,3,10,10,8
47,10,3,5,0,0,8,0,0,6,0,2,0,2
48,10,8,4,0,6,8,0,0,9,6,0,0,3
49,10,7,4,0,0,8,0,0,9,10,10,8,8
50,10,2,4,0,0,8,0,0,9,0,0,0,0
51,10,1,4,0,0,9,0,0,0,0,0,0,0
52,10,0,5,0,0,9,0,0,7,0,0,0,0
53,10,0,5,0,2,9,0,0,1,0,4,1,4
54,10,0,3,0,0,8,0,0,9,0,0,1,2
55,10,5,5,0,8,8,0,0,9,0,8,0,4
56,10,6,4,0,0,9,0,0,7,0,0,0,0
57,10,5,4,0,7,9,0,0,9,0,0,0,0
58,10,7,5,0,4,8,0,0,9,0,0,0,0
59,10,9,6,0,6,8,0,0,9,2,2,0,0
60,10,7,6,0,9,7,0,0,9,0,10,0,0
61,10,0,6,0,0,7,0,0,7,0,0,0,0
62,10,0,7,0,0,7,0,0,9,0,0,7,0
63,10,0,6,0,6,7,0,0,8,0,4,0,4
64,10,0,5,0,2,7,0,0,6,0,0,0,6
65,10,1,6,0,9,6,0,0,9,0,5,3,6
66,10,8,4,0,7,6,0,0,9,0,10,9,0
67,10,5,6,0,5,8,0,0,0,0,0,0,0
68,10,8,6,0,1,6,0,0,9,5,10,2,9
69,10,5,5,0,0,7,0,0,9,0,0,0,0
70,10,6,6,0,0,8,0,0,9,0,0,0,0
71,10,0,3,0,0,8,0,0,9,0,0,0,0
72,10,10,7,0,8,8,0,0,9,2,9,9,10
73,10,8,6,0,4,8,0,0,7,7,2,6,0
74,10,10,6,0,4,8,0,0,9,6,0,1,7
75,10,9,7,0,5,8,0,0,7,5,10,0,9
76,10,0,4,0,0,8,1,0,10,0,0,0,0
77,10,0,4,0,0,8,0,0,9,3,4,0,5
78,10,0,0,0,0,8,0,0,9,0,10,6,5
79,10,3,0,0,2,8,0,0,9,2,7,1,6
